Input,ACIInput,Key,Value
INITIAL_PRODUCT_CATEGORY,Product Type,2,frm_1520
INITIAL_PRODUCT_CATEGORY,Product Type,1,xfrm_253040yr
INITIAL_PRODUCT_CATEGORY,Product Type,9,balloon
INITIAL_PRODUCT_CATEGORY,Product Type,8,negam
INITIAL_PRODUCT_CATEGORY,Product Type,"3,4,5,6,7",arm
INITIAL_PRODUCT_CATEGORY,Product Type,default,arm
COMBINED_MTMLTV_RATE,cltv,mapdefault,0
COMBINED_MTMLTV_RATE,cltv2,,
MTMLTV_RATE,ltv,mapdefault,0
CBD_CURRENT_FICO,minfico, , 
CBD_CURRENT_FICO,minfico2, , 
BACKEND_RATIO_RATE,backend,mapdefault,0
BACKEND_RATIO_RATE,backend2,mapdefault,
NUMBER_OF_BORROWERS,NUM_BO,0,1
NUMBER_OF_BORROWERS,NUM_BO,1,1
NUMBER_OF_BORROWERS,NUM_BO,default,2
NUMBER_OF_BORROWERS,NUM_BO2,0,1
NUMBER_OF_BORROWERS,NUM_BO2,1,1
NUMBER_OF_BORROWERS,NUM_BO2,default,2
PROPERTY_TYPE_CATEGORY,Property Type,1,X1unit
PROPERTY_TYPE_CATEGORY,Property Type,"2,3,4",2-4units
PROPERTY_TYPE_CATEGORY,Property Type,5,Condo
PROPERTY_TYPE_CATEGORY,Property Type,6,M
PROPERTY_TYPE_CATEGORY,PropertyType,7,N
PROPERTY_TYPE_CATEGORY,PropertyType,default,5
PURPOSE_CATEGORY,Loan Purpose,1,C
PURPOSE_CATEGORY,Loan Purpose,2,R
PURPOSE_CATEGORY,Loan Purpose,3,zP
PURPOSE_CATEGORY,Loan Purpose,default,zP
OCCUPANCY_CATEGORY,Occupancy,3,investor
OCCUPANCY_CATEGORY,Occupancy,"1,2",owner2nd
OCCUPANCY_CATEGORY,Occupany,default,owner2nd
INTEREST_ONLY_INDICATOR,IO,"1,2",IO
INTEREST_ONLY_INDICATOR,IO,0,NonIO
INTEREST_ONLY_INDICATOR,IO,default,NonIO
LOAN_DOCUMENTATION_CATEGORY,DocLevel,1,XFullDoc
LOAN_DOCUMENTATION_CATEGORY,DocLevel,3,zzz
LOAN_DOCUMENTATION_CATEGORY,DocLevel,2,LowDoc
LOAN_DOCUMENTATION_CATEGORY,DocLevel,default,ZZZ
TPO_CATEGORY,TPO,1,cor
TPO_CATEGORY,TPO,2,brk
TPO_CATEGORY,TPO,default,zzz
BACKEND_RATIO_RATE,backend_missing,-99999,Yes
BACKEND_RATIO_RATE,backend_missing,default,No
LOAN_TYPE_CATEGORY,Alt_A,3,Yes
LOAN_TYPE_CATEGORY,Alt_A,default,No
LP_SCRB,fico_a,mapdefault,
LP_SCRC,fico_b,mapdefault,
P_SUBFIN,Subfintype,mapdefault,
RESERVES,reserves,default,
RESERVES,pitiresv,default,
FRST_FLG,FRST_FLG,default,N
SELF_EMP2,self_emp2,default,0
DUFlg,DUFlg,default,0
RP_FLEX,RP_FLEX,default,0
MTH_INC,mth_inc,default,6000
P_SUBPRI,P_SUBPRI,default,0
CHBP,CHBP,default,
