Variable,Parameter,Coefficient,Function
Intercept,Intercept,-0.3471471,Constant
CLTV,cltv_00_60,0.0076254,Spline
CLTV,cltv_60_70,0.0294318,Spline
CLTV,cltv_70_80,0.0353697,Spline
CLTV,cltv_80_90,0.0518641,Spline
CLTV,cltv_90_150,0.020703,Spline
Sub Fin type,1,-0.4756259,Category
Sub Fin type,2,-0.6141143,Category
Sub Fin type,3,-0.5372161,Category
Sub Fin type,4,-0.3260199,Category
Sub Fin type,5,0,Category
logfico,logfico_5.7037824747_6.5220927982,-13.369316,Spline
logfico,logfico_6.5220927982_6.6333184333,-16.060492,Spline
logfico,logfico_6.6333184333_6.8023947633,-8.993391,Spline
minfico_m,Yes,-10.094598,Category
minfico_m,No,0,Category
NUM_BO,1,1.428198,Category
NUM_BO,2,0,Category
dfico,dfico,-0.007149,Linear
Backend,backend_0.00_0.36,3.088535149,Spline
Backend,backend_0.36_0.45,5.167588944,Spline
Backend,backend_0.45_1,0,Spline
BackendODTI,backendodti_0_0.45,0,Spline
BackendODTI,backendodti_0.45_0.5,3.693873634,Spline
BackendODTI,backendodti_0.5_1.00,1.697981819,Spline
BackendODTI,backendodti_1_100,0,Spline
BackendHDTI,backendhdti_0.0_0.45,0,Spline
BackendHDTI,backendhdti_0.45_0.50,5.167588944,Spline
BackendHDTI,backendhdti_0.50_1,5.167588944,Spline
BackendHDTI,backendhdti_1_100,0,Spline
Backend*doc,backend_nonMiss_LOWDOC,2.198878,Category
Backend*doc,backend_Miss,-0.084889,Category
Backend*doc,backend_nonMiss_XFullDoc,0,Category
Backend2Nbo,Backend2Nbo_-1_0,0,Spline
Backend2Nbo,Backend2Nbo_0_1,-1.724449,Spline
Backend2Nbo,Backend2Nbo_1_2,0,Spline
Backend2Selfemp,Backend2Selfemp,3.41951,Linear
Backend2DU,Backend2DU_-1_0,0,Spline
Backend2DU,Backend2DU_0_1,2.54737,Spline
Backend2DU,Backend2DU_1_2,0,Spline
mnthinc,mnthinc,0.000248,Linear
TPO,brk,0.197985,Category
TPO,cor,0.071062,Category
TPO,zzz,0,Category
Loan Purpose,C,0.083144,Category
Loan Purpose,R,-0.092088,Category
Loan Purpose,zP,0,Category
Occupancy,investor,0.470989,Category
Occupancy,owner2nd,0,Category
Product Type,ARM,0,Category
Product Type,balloons,-0.163663,Category
Product Type,frm_1520,-0.570125,Category
Product Type,negams,-0.906569,Category
Product Type,xfrm_2530yr,0,Category
Product Type,xfrm_40yr,1.228291,Category
Property Type,2-4units,0.43661,Category
Property Type,Condo,0,Category
Property Type,Coop,0,Category
Property Type,M,0,Category
Property Type,N,0.467554,Category
Property Type,X1unit,0,Category
IO * Doc Level,IO_LOWDOC,0.627775,Category
IO * Doc Level,IO_XFullDoc,0.35258,Category
IO * Doc Level,IO_ZZZ,0,Category
Number of Payments,11,-0.114084,Category
Number of Payments,13,0.176655,Category
Number of Payments,14,0.459954,Category
Number of Payments,12,0,Category
pitiresv,0,1.76664,Category
pitiresv,1,1.23547,Category
pitiresv,Mis,0,Category
reserves,reserves_1_3,-0.079177,Spline
reserves,reserves_3_7,-0.034986,Spline
reserves,reserves_7_36,-0.005865,Spline
reserves,reserves_36_100,-0.000597,Spline
FRST_FLG,N,0.091433,Category
FRST_FLG,Y,0,Category
self_emp2,1,0.00953,Category
self_emp2,0,0,Category
ALT_A,Yes,0.271108,Category
ALT_A,No,0,Category
P_SUBPRI,1,-0.299592154,Category
P_SUBPRI,0,0,Category
lowficofrstadj,lowficofrstadj,6.072594585,Linear
lowficonfrstadj,lowficonfrstadj,2.707130345,Linear
BetaNeutral,1,1.286735,Constant
