Variable,Parameter,Coefficient,Function
Intercept,1,-0.34715,Constant
CLTV,cltv_00_60,0.00763,Spline
CLTV,cltv_60_70,0.02943,Spline
CLTV,cltv_70_80,0.03537,Spline
CLTV,cltv_80_90,0.05186,Spline
CLTV,cltv_90_999,0.0207,Spline
Sub Fin type,1,-0.47563,Category
Sub Fin type,2,-0.61411,Category
Sub Fin type,3,-0.53722,Category
Sub Fin type,4,-0.32602,Category
Sub Fin type,5,0,Category
LOGFICO,logfico_5.7037824747_6.5220927982,-13.36932,Spline
LOGFICO,logfico_6.5220927982_6.6333184333,-16.06049,Spline
LOGFICO,logfico_6.6333184333_6.8023947633,-8.99339,Spline
minfico_m,Yes,-10.0946,Category
minfico_m,No,0,Category
NUM_BO,1,1.4282,Category
NUM_BO,2,0,Category
dfico,dfico,-0.00715,Linear
Backend,backend_0.00_0.36,3.088535149,Spline
Backend,backend_0.36_0.45,5.167588944,Spline
Backend,backend_0.45_1,0,Spline
BackendODTI,backendodti_0_0.45,0,Spline
BackendODTI,backendodti_0.45_0.5,3.693873634,Spline
BackendODTI,backendodti_0.5_1.00,1.697981819,Spline
BackendODTI,backendodti_1_100,0,Spline
BackendHDTI,backendhdti_0.0_0.45,0,Spline
BackendHDTI,backendhdti_0.45_0.50,5.167588944,Spline
BackendHDTI,backendhdti_0.50_1,5.167588944,Spline
BackendHDTI,backendhdti_1_100,0,Spline
Backend*doc,backend_nonMiss_LOWDOC,2.19888,Category
Backend*doc,backend_Miss,2.09404,Category
Backend*doc,backend_nonMiss_XFullDoc,0,Category
Backend2Nbo,Backend2Nbo_-1_0,0,Spline
Backend2Nbo,Backend2Nbo_0_1,-1.72445,Spline
Backend2Nbo,Backend2Nbo_1_2,0,Spline
Backend2Selfemp,Backend2Selfemp,3.41951,Linear
Backend2DU,Backend2DU_-1_0,0,Spline
Backend2DU,Backend2DU_0_1,2.54737,Spline
Backend2DU,Backend2DU_1_2,0,Spline
mnthinc,mnthinc,0.00025,Linear
TPO,brk,0.19798,Category
TPO,cor,0.07106,Category
TPO,zzz,0,Category
Loan Purpose,C,0.08314,Category
Loan Purpose,R,-0.09209,Category
Loan Purpose,zP,0,Category
Occupancy,investor,0.47099,Category
Occupancy,owner2nd,0,Category
Product Type,ARM,0,Category
Product Type,balloons,-0.16366,Category
Product Type,frm_1520,-0.57012,Category
Product Type,negams,-0.90657,Category
Product Type,xfrm_2530yr,0,Category
Product Type,xfrm_40yr,1.22829,Category
Property Type,2-4units,0.43661,Category
Property Type,Condo,0,Category
Property Type,Coop,0,Category
Property Type,M,0,Category
Property Type,N,0.46755,Category
Property Type,X1unit,0,Category
IO * Doc Level,IO_LOWDOC,0.62778,Category
IO * Doc Level,IO_XFullDoc,0.35258,Category
IO * Doc Level,IO_ZZZ,0,Category
Number of Payments,11,-0.11408,Category
Number of Payments,13,0.17665,Category
Number of Payments,14,0.45995,Category
Number of Payments,12,0,Category
pitiresv,0,1.76664,Category
pitiresv,1,1.23547,Category
pitiresv,Mis,0,Category
reserves,reserves_1_3,-0.079177,Spline
reserves,reserves_3_7,-0.034986,Spline
reserves,reserves_7_36,-0.005865,Spline
reserves,reserves_36_100,-0.000597,Spline
FRST_FLG,N,0.09143,Category
FRST_FLG,Y,0,Category
self_emp2,1,0.00953,Category
self_emp2,0,0,Category
ALT_A,Yes,0.27111,Category
ALT_A,No,0,Category
lowficofrstadj,lowficofrstadj,6.072594585,Linear
P_SUBPRI,1,-0.299592154,Category
P_SUBPRI,0,0,Category
lowficonfrstadj,lowficonfrstadj,2.707130345,Linear
BetaNeutral,1,1.28674,Constant
