Input,ACIInput,Key,Value
Product,Product Type,"3,4",frm_1520
Product,Product Type,"2,17,24",xfrm_253040yr
Product,Product Type,5,balloons
Product,Product Type,"8,18",negams
Product,Product Type,default,arm
cltv,cltv, , 
cscore1,fico_a, , 
cscore2,fico_b, , 
DCScore,dfico, , 
backend,backend, , 
NumBo,NUM_BO,0,1
NumBo,NUM_BO,1,1
NumBo,NUM_BO,default,2
PropType,Property Type,1,X1unit
PropType,Property Type,"2,3,4",2-4units
PropType,Property Type,5,Condo
PropType,Property Type,9,Coop
PropType,PropertyType,"6,7,8",N
PropType,PropertyType,default,X1unit
Purpose,Loan Purpose,1,C
Purpose,Loan Purpose,2,R
Purpose,Loan Purpose,3,zP
Purpose,Loan Purpose,default,zP
Occ,Occupancy,3,investor
Occ,Occupancy,"1,2",owner2nd
Occ,Occupancy,default,owner2nd
DocType,DocLevel,1,XFullDoc
DocType,DocLevel,"2,3,4,5,6",LowDoc
DocType,DocLevel,default,ZZZ
OrigSrc,TPO,2,cor
OrigSrc,TPO,3,brk
OrigSrc,TPO,default,zzz
backend,backend_missing,999,Yes
backend,backend_missing,default,No
CommLend,Alt_A,7,Yes
CommLend,Alt_A,default,No
