Variable,Parameter,Coefficient,Function
Intercept,1,-5.153082747,Constant
Burnout,burnout_000_003,0.09282857,Spline
Burnout,burnout_003_036,0.006440547,Spline
Burnout,burnout_036_high,0.005039489,Spline
cltv,cltv_00_60,0.02375924,Spline
cltv,cltv_60_70,0.034454873,Spline
cltv,cltv_70_80,0.029027324,Spline
cltv,cltv_80_90,0.04059595,Spline
cltv,cltv_90_100,0.033825686,Spline
SubFintype,1,-0.235712845,Category
SubFintype,2,-0.202892257,Category
SubFintype,3,-0.172578648,Category
SubFintype,4,-0.127707678,Category
SubFintype,5,0,Category
MinFICO,minfico_300_620,-0.007321363,Spline
MinFICO,minfico_620_660,-0.011780634,Spline
MinFICO,minfico_660_720,-0.012400043,Spline
MinFICO,minfico_720_760,-0.010761312,Spline
MinFICO,minfico_760_850,-0.018307156,Spline
minfico_m,Yes,-3.21522633,Category
minfico_m,No,0,Category
NUM_BO,1,0.393042142,Category
NUM_BO,2,0,Category
dfico,dfico,-0.003316305,Linear
Backend,backend_0.00_0.36,1.343054209,Spline
Backend,backend_0.36_0.45,2.035707294,Spline
Backend,backend_0.45_1.00,0.580792573,Spline
Backend*doc,backend_Miss,0.688934755,Category
Backend*doc,backend_nonMiss_LOWDOC,0.926973676,Category
Backend*doc,backend_nonMiss_XFullDoc,0,Category
TPO,brk,0.193740248,Category
TPO,cor,0.089773471,Category
TPO,zzz,0,Category
Loan Purpose,C,0.519819645,Category
Loan Purpose,R,0.390752133,Category
Loan Purpose,zP,0,Category
Occupancy,investor,0.174701785,Category
Occupancy,owner2nd,0,Category
Product Type,ARM,0.50847569,Category
Product Type,balloons,1.201258709,Category
Product Type,frm_1520,-0.347498993,Category
Product Type,negams,0.531835364,Category
Product Type,xfrm_253040yr,0,Category
Property Type,2-4units,0.248919909,Category
Property Type,Condo,0.052159917,Category
Property Type,Coop,-0.622804888,Category
Property Type,N,0.009203371,Category
Property Type,X1unit,0,Category
IO * Doc Level,IO_LOWDOC,0.493071936,Category
IO * Doc Level,IO_XFullDoc,0.340489425,Category
IO * Doc Level,IO_ZZZ,0,Category
BetaNeutral,1,0.5835,Constant
