Variable,Parameter,Coefficient,Function
Intercept,1,-5.3848,Constant
Burnout,burnout_000_003,0.0574,Spline
Burnout,burnout_003_036,0.0232,Spline
Burnout,burnout_036_high,0.029,Spline
CLTV,cltv_00_60,0.0302,Spline
CLTV,cltv_60_70,0.0269,Spline
CLTV,cltv_70_80,0.0541,Spline
CLTV,cltv_80_90,0.0358,Spline
CLTV,cltv_90_100,0.0397,Spline
Sub Fin Type,1,-0.4549,Category
Sub Fin Type,2,-0.5072,Category
Sub Fin Type,3,-0.3392,Category
Sub Fin Type,4,-0.0967,Category
Sub Fin Type,5,0,Category
minfico,minfico_300_620,-0.00826,Spline
minfico,minfico_620_660,-0.00978,Spline
minfico,minfico_660_720,-0.0129,Spline
minfico,minfico_720_760,-0.0132,Spline
minfico,minfico_760_850,-0.014,Spline
NUM_BO,1,0.4314,Category
NUM_BO,2,0,Category
dfico,dfico,-0.00329,Linear
Backend,backend_0.00_0.36,2.7172,Spline
Backend,backend_0.36_0.45,1.2462,Spline
Backend,backend_0.45_1.00,1.0267,Spline
Backend*doc,backend_Miss,1.4627,Category
Backend*doc,backend_nonMiss_XFullDoc,0,Category
TPO,brk,-0.281,Category
TPO,cor,-0.2499,Category
TPO,zzz,0,Category
Occupancy,investor,-0.2365,Category
Occupancy,owner2nd,0,Category
Product Type,ARM,0.6818,Category
Product Type,frm_1520,-0.6874,Category
Product Type,xfrm_253040yr,0,Category
Property Type,2-4units,-0.1273,Category
Property Type,Condo,-0.1494,Category
Property Type,Coop,-0.3674,Category
Property Type,N,0.1616,Category
Property Type,X1unit,0,Category
BetaNeutral,1,-0.0693,Constant
