<?xml version="1.0" encoding="UTF-8" standalone="no"?>
<ccfaRequest>
    
    <Category name="Analytics">


    <itemList>
            <item name="AnalyticsOutputDir">/appl/en2_data_a/prism/usersacl/input/system/1587651082621/output/1</item>
            <item name="Delimiter">PIPE</item>
            <item name="AnalyticsCfg">PricingCW.cfg</item>
            <item name="OutputCashflows">YES</item>
        </itemList>
    </Category>
    
    <Category name="EconEnv">

    <itemList>
            <item name="EconEnvFilename">/appl/m5_data_i_s/cl1/econData/CCFA/PRISM/National/18.3.00_npath_300+200_National/202003/rateEnv.avro</item>
        </itemList>
    </Category>
    
    <Category name="ModelConfig">

    </Category>
<Category name="CashflowEngine">

    <itemList>
            <item name="CashflowOutputMode">TEXT</item>
        </itemList>
    </Category>
    <Category name="Application">

    <itemList>
            <item name="AppID">EC_GAGO</item>
            <item name="AccountingPeriod">202003</item>
            <item name="ReleaseVersion">2.00.05</item>
            <item name="ApplicationOverrides">/appl/en2_data_a/prism/usersacl/input/system/1587651082621/dp/config/Overrides/</item>
            <item name="DealFactoryJob">no</item>
        </itemList>
    </Category>
    <Category name="Profile">

    <itemList>
            <item name="LoanListFile">/appl/en2_data_a/prism/usersacl/input/system/1587651082621/dp/profile/loanProfile.txt</item>
        </itemList>
    </Category>
</ccfaRequest>
